{
  "text_model_name": "distilbert-base-uncased",
  "artifact_dir": "C:\\Users\\0adit\\Desktop\\Acads\\Coding\\capstone_pm\\extension\\models\\site_multimodal",
  "image_feature_columns": [
    "width",
    "height",
    "aspect_ratio",
    "brightness",
    "contrast",
    "colorfulness",
    "sharpness",
    "edge_density",
    "entropy",
    "whitespace_ratio"
  ],
  "threshold": 0.5,
  "test_auc": 0.9999295079655999,
  "test_f1": 0.9878048780487805,
  "text_confidence_threshold": 0.7,
  "color_confidence_threshold": 0.65,
  "fusion_confidence_threshold": 0.6,
  "classification_report": {
    "0": {
      "precision": 0.9942196531791907,
      "recall": 0.9942196531791907,
      "f1-score": 0.9942196531791907,
      "support": 173.0
    },
    "1": {
      "precision": 0.9878048780487805,
      "recall": 0.9878048780487805,
      "f1-score": 0.9878048780487805,
      "support": 82.0
    },
    "accuracy": 0.9921568627450981,
    "macro avg": {
      "precision": 0.9910122656139856,
      "recall": 0.9910122656139856,
      "f1-score": 0.9910122656139856,
      "support": 255.0
    },
    "weighted avg": {
      "precision": 0.9921568627450981,
      "recall": 0.9921568627450981,
      "f1-score": 0.9921568627450981,
      "support": 255.0
    }
  },
  "sample_count": 1697
}